code,name,decision,operational_class,historical_matches,basis,source_label,source_url
ABC,ABC Tournament,friendly,friendly,5,"Audited invitational or friendly tournament without qualification, championship, promotion or relegation consequences.",RSSSF International Country Results – Friendly Tournaments,https://www.rsssf.org/intland-friend.html
ACV,Ancient Civilizations Cup,friendly,friendly,2,"Audited invitational or friendly tournament without qualification, championship, promotion or relegation consequences.",RSSSF International Country Results – Friendly Tournaments,https://www.rsssf.org/intland-friend.html
ADC,Adidas Challenge,friendly,friendly,3,"Audited invitational or friendly tournament without qualification, championship, promotion or relegation consequences.",RSSSF International Country Results – Friendly Tournaments,https://www.rsssf.org/intland-friend.html
AFD,Armed Forces Day Tournament,friendly,friendly,2,"Audited invitational or friendly tournament without qualification, championship, promotion or relegation consequences.",RSSSF International Country Results – Friendly Tournaments,https://www.rsssf.org/intland-friend.html
AIM,Airmarine Cup,friendly,friendly,4,"Audited invitational or friendly tournament without qualification, championship, promotion or relegation consequences.",AFC: Airmarine Cup friendly tournament,https://www.the-afc.com/en/national/fifa_world_cup/news/oman_hold_nerves_to_clinch_2019_airmarine_cup.html
ANF,ANFA Cup,friendly,friendly,5,"Audited invitational or friendly tournament without qualification, championship, promotion or relegation consequences.",RSSSF International Country Results – Friendly Tournaments,https://www.rsssf.org/intland-friend.html
ARR,Great Artificial River Tournament,friendly,friendly,9,"Audited invitational or friendly tournament without qualification, championship, promotion or relegation consequences.",RSSSF International Country Results – Friendly Tournaments,https://www.rsssf.org/intland-friend.html
ATL,Atlantic Cup,competitive,competitive,9,"Audited formal regional, federation or multi-sport competition with an official championship structure.",,
AYA,AYA Bank Cup,friendly,friendly,4,"Audited invitational or friendly tournament without qualification, championship, promotion or relegation consequences.",RSSSF International Country Results – Friendly Tournaments,https://www.rsssf.org/intland-friend.html
AZT,Azteca 2000 Tournament,friendly,friendly,2,"Audited invitational or friendly tournament without qualification, championship, promotion or relegation consequences.",RSSSF International Country Results – Friendly Tournaments,https://www.rsssf.org/intland-friend.html
BG,Bolivarian Games,competitive,competitive,16,"Audited formal regional, federation or multi-sport competition with an official championship structure.",,
BIC,Bicentennial Cup,friendly,friendly,3,"Audited invitational or friendly tournament without qualification, championship, promotion or relegation consequences.",RSSSF International Country Results – Friendly Tournaments,https://www.rsssf.org/intland-friend.html
BLA,African Ram Tournament,friendly,friendly,8,"Audited invitational or friendly tournament without qualification, championship, promotion or relegation consequences.",RSSSF International Country Results – Friendly Tournaments,https://www.rsssf.org/intland-friend.html
BLR,Blair Trophy,friendly,friendly,3,"Audited invitational or friendly tournament without qualification, championship, promotion or relegation consequences.",RSSSF International Country Results – Friendly Tournaments,https://www.rsssf.org/intland-friend.html
BLT,Baltic Tournament,friendly,friendly,4,"Audited invitational or friendly tournament without qualification, championship, promotion or relegation consequences.",RSSSF International Country Results – Friendly Tournaments,https://www.rsssf.org/intland-friend.html
BQR,Boqueron Cup,friendly,friendly,4,"Audited invitational or friendly tournament without qualification, championship, promotion or relegation consequences.",RSSSF International Country Results – Friendly Tournaments,https://www.rsssf.org/intland-friend.html
BRI,Independence Cup,friendly,friendly,37,"Audited invitational or friendly tournament without qualification, championship, promotion or relegation consequences.",RSSSF International Country Results – Friendly Tournaments,https://www.rsssf.org/intland-friend.html
CBG,Carlsberg Cup,friendly,friendly,21,"Audited invitational or friendly tournament without qualification, championship, promotion or relegation consequences.",RSSSF International Country Results – Friendly Tournaments,https://www.rsssf.org/intland-friend.html
CDM,Mexico City Cup,friendly,friendly,8,"Audited invitational or friendly tournament without qualification, championship, promotion or relegation consequences.",RSSSF International Country Results – Friendly Tournaments,https://www.rsssf.org/intland-friend.html
CDS,Canadian Shield,friendly,friendly,4,"Audited invitational or friendly tournament without qualification, championship, promotion or relegation consequences.",RSSSF International Country Results – Friendly Tournaments,https://www.rsssf.org/intland-friend.html
CFS,CONCACAF Series,friendly,friendly,35,"Audited invitational or friendly tournament without qualification, championship, promotion or relegation consequences.",Concacaf: Concacaf Friendly Series,https://www.concacaf.com/news/concacaf-anuncia-el-calendario-de-marzo-de-la-concacaf-series
CLG,Challenge Cup,friendly,friendly,5,"Audited invitational or friendly tournament without qualification, championship, promotion or relegation consequences.",RSSSF International Country Results – Friendly Tournaments,https://www.rsssf.org/intland-friend.html
CMS,COMESA Cup,competitive,competitive,3,"Audited formal regional, federation or multi-sport competition with an official championship structure.",,
CNT,Centenary Tournament,friendly,friendly,3,"Audited invitational or friendly tournament without qualification, championship, promotion or relegation consequences.",RSSSF International Country Results – Friendly Tournaments,https://www.rsssf.org/intland-friend.html
CNY,Centenary Cup,friendly,friendly,9,"Audited invitational or friendly tournament without qualification, championship, promotion or relegation consequences.",RSSSF International Country Results – Friendly Tournaments,https://www.rsssf.org/intland-friend.html
CON,Cup of Nations,friendly,friendly,6,"Audited invitational or friendly tournament without qualification, championship, promotion or relegation consequences.",RSSSF International Country Results – Friendly Tournaments,https://www.rsssf.org/intland-friend.html
CRO,Cairo Cup,friendly,friendly,3,"Audited invitational or friendly tournament without qualification, championship, promotion or relegation consequences.",RSSSF International Country Results – Friendly Tournaments,https://www.rsssf.org/intland-friend.html
CTS,Continents Tournament,friendly,friendly,4,"Audited invitational or friendly tournament without qualification, championship, promotion or relegation consequences.",RSSSF International Country Results – Friendly Tournaments,https://www.rsssf.org/intland-friend.html
CVP,Valparaiso City Cup,friendly,friendly,6,"Audited invitational or friendly tournament without qualification, championship, promotion or relegation consequences.",RSSSF International Country Results – Friendly Tournaments,https://www.rsssf.org/intland-friend.html
DBT,Djamila Bouhired Tournament,friendly,friendly,4,"Audited invitational or friendly tournament without qualification, championship, promotion or relegation consequences.",RSSSF International Country Results – Friendly Tournaments,https://www.rsssf.org/intland-friend.html
DNS,Dynasty Cup,friendly,friendly,22,"Audited invitational or friendly tournament without qualification, championship, promotion or relegation consequences.",RSSSF International Country Results – Friendly Tournaments,https://www.rsssf.org/intland-friend.html
DVC,Duvalier Cup,friendly,friendly,15,"Audited invitational or friendly tournament without qualification, championship, promotion or relegation consequences.",RSSSF International Country Results – Friendly Tournaments,https://www.rsssf.org/intland-friend.html
EAC,East African Friendship Cup,friendly,friendly,15,"Audited invitational or friendly tournament without qualification, championship, promotion or relegation consequences.",RSSSF International Country Results – Friendly Tournaments,https://www.rsssf.org/intland-friend.html
ECO,ECO Cup,friendly,friendly,8,"Audited invitational or friendly tournament without qualification, championship, promotion or relegation consequences.",RSSSF International Country Results – Friendly Tournaments,https://www.rsssf.org/intland-friend.html
EDT,Evacuation Day Tournament,friendly,friendly,13,"Audited invitational or friendly tournament without qualification, championship, promotion or relegation consequences.",RSSSF International Country Results – Friendly Tournaments,https://www.rsssf.org/intland-friend.html
ETR,Easter Tournament,friendly,friendly,2,"Audited invitational or friendly tournament without qualification, championship, promotion or relegation consequences.",RSSSF International Country Results – Friendly Tournaments,https://www.rsssf.org/intland-friend.html
FFT,Frantz Fanon Tournament,friendly,friendly,2,"Audited invitational or friendly tournament without qualification, championship, promotion or relegation consequences.",RSSSF International Country Results – Friendly Tournaments,https://www.rsssf.org/intland-friend.html
FPG,Francophone Games,competitive,competitive,5,"Audited formal regional, federation or multi-sport competition with an official championship structure.",,
FRN,French Territory Cup,competitive,competitive,42,"Audited formal regional, federation or multi-sport competition with an official championship structure.",FFF: Coupe de l’Outre-Mer competition,https://www.fff.fr/competition/engagement/383387-coupe-de-l-outre-mer/phase/1/index.html
GBT,Governor Brons Trophy,friendly,friendly,5,"Audited invitational or friendly tournament without qualification, championship, promotion or relegation consequences.",RSSSF International Country Results – Friendly Tournaments,https://www.rsssf.org/intland-friend.html
GLT,Great Leader Cup,friendly,friendly,19,"Audited invitational or friendly tournament without qualification, championship, promotion or relegation consequences.",RSSSF International Country Results – Friendly Tournaments,https://www.rsssf.org/intland-friend.html
GNF,GANEFO Tournament,competitive,competitive,41,"Audited formal regional, federation or multi-sport competition with an official championship structure.",,
GRC,Gabon Radio Cup,friendly,friendly,4,"Audited invitational or friendly tournament without qualification, championship, promotion or relegation consequences.",RSSSF International Country Results – Friendly Tournaments,https://www.rsssf.org/intland-friend.html
GRD,Garuda Championship Series,friendly,friendly,3,"Audited invitational or friendly tournament without qualification, championship, promotion or relegation consequences.",Indonesia Ministry: Garuda Championship Series FIFA Matchday preparation,https://www.kemenpora.go.id/detail/6587/garuda-championship-series-2026-jadi-ajang-pemanasan-timnas-indonesia-jelang-piala-dunia
GSG,Gossage Cup,competitive,competitive,119,"Audited formal regional, federation or multi-sport competition with an official championship structure.",,
ILG,Islamic Games,competitive,competitive,11,"Audited formal regional, federation or multi-sport competition with an official championship structure.",,
INC,International Cup,friendly,friendly,7,"Audited invitational or friendly tournament without qualification, championship, promotion or relegation consequences.",RSSSF International Country Results – Friendly Tournaments,https://www.rsssf.org/intland-friend.html
INL,Intercontinental Cup,friendly,friendly,24,"Audited invitational or friendly tournament without qualification, championship, promotion or relegation consequences.",RSSSF International Country Results – Friendly Tournaments,https://www.rsssf.org/intland-friend.html
IPC,Independence Cup,friendly,friendly,53,"Audited invitational or friendly tournament without qualification, championship, promotion or relegation consequences.",RSSSF International Country Results – Friendly Tournaments,https://www.rsssf.org/intland-friend.html
JCM,French Commonwealth Games,competitive,competitive,10,"Audited formal regional, federation or multi-sport competition with an official championship structure.",,
KOR,Korea Cup,friendly,friendly,17,"Audited invitational or friendly tournament without qualification, championship, promotion or relegation consequences.",RSSSF International Country Results – Friendly Tournaments,https://www.rsssf.org/intland-friend.html
LIT,Leeward Islands Tournament,competitive,competitive,21,"Audited formal regional, federation or multi-sport competition with an official championship structure.",,
MGC,President Paul Magloire Cup,friendly,friendly,6,"Audited invitational or friendly tournament without qualification, championship, promotion or relegation consequences.",RSSSF International Country Results – Friendly Tournaments,https://www.rsssf.org/intland-friend.html
MJT,Marjan Trophy,friendly,friendly,3,"Audited invitational or friendly tournament without qualification, championship, promotion or relegation consequences.",RSSSF International Country Results – Friendly Tournaments,https://www.rsssf.org/intland-friend.html
MKR,Mukuru Tournament,friendly,friendly,2,"Audited invitational or friendly tournament without qualification, championship, promotion or relegation consequences.",RSSSF International Country Results – Friendly Tournaments,https://www.rsssf.org/intland-friend.html
MLM,Millenium Cup,friendly,friendly,3,"Audited invitational or friendly tournament without qualification, championship, promotion or relegation consequences.",RSSSF International Country Results – Friendly Tournaments,https://www.rsssf.org/intland-friend.html
N7C,November 7th Cup,friendly,friendly,7,"Audited invitational or friendly tournament without qualification, championship, promotion or relegation consequences.",RSSSF International Country Results – Friendly Tournaments,https://www.rsssf.org/intland-friend.html
NBT,Nile Basin Tournament,friendly,friendly,14,"Audited invitational or friendly tournament without qualification, championship, promotion or relegation consequences.",Egyptian FA reporting: Nile Basin friendly tournament,https://english.ahram.org.eg/News/3165.aspx
NKB,Al Nakba Cup,friendly,friendly,4,"Audited invitational or friendly tournament without qualification, championship, promotion or relegation consequences.",RSSSF International Country Results – Friendly Tournaments,https://www.rsssf.org/intland-friend.html
NKR,Nkrumah Cup,competitive,competitive,30,"Audited formal regional, federation or multi-sport competition with an official championship structure.",RSSSF: West African Soccer Federation championship,https://www.rsssf.org/tablesn/nkrumah.html
NRZ,Navruz Cup,friendly,friendly,4,"Audited invitational or friendly tournament without qualification, championship, promotion or relegation consequences.",AFC: Navruz Cup friendly tournament,https://www.the-afc.com/en/more/international_friendlies/news/central_asian_trio_set_for_navruz_cup.html
NSM,Al-Nashama Tournament,friendly,friendly,4,"Audited invitational or friendly tournament without qualification, championship, promotion or relegation consequences.",Jordan FA reporting: international friendly tournament,https://www.jordanpulse.com/article/13199
NTC,Nations Cup,friendly,friendly,9,"Audited invitational or friendly tournament without qualification, championship, promotion or relegation consequences.",RSSSF International Country Results – Friendly Tournaments,https://www.rsssf.org/intland-friend.html
OCH,Outrigger Challenger Cup,friendly,friendly,3,"Audited invitational or friendly tournament without qualification, championship, promotion or relegation consequences.",RSSSF International Country Results – Friendly Tournaments,https://www.rsssf.org/intland-friend.html
OPS,Optus World Series,friendly,friendly,9,"Audited invitational or friendly tournament without qualification, championship, promotion or relegation consequences.",RSSSF International Country Results – Friendly Tournaments,https://www.rsssf.org/intland-friend.html
OSN,Saudi Arabia FF Cup,friendly,friendly,4,"Audited invitational or friendly tournament without qualification, championship, promotion or relegation consequences.",RSSSF International Country Results – Friendly Tournaments,https://www.rsssf.org/intland-friend.html
PCC,Peace Cup,friendly,friendly,19,"Audited invitational or friendly tournament without qualification, championship, promotion or relegation consequences.",RSSSF International Country Results – Friendly Tournaments,https://www.rsssf.org/intland-friend.html
PMC,Prime Minister's Cup,friendly,friendly,28,"Audited invitational or friendly tournament without qualification, championship, promotion or relegation consequences.",RSSSF International Country Results – Friendly Tournaments,https://www.rsssf.org/intland-friend.html
PMT,Prime Minister's Trophy,friendly,friendly,7,"Audited invitational or friendly tournament without qualification, championship, promotion or relegation consequences.",RSSSF International Country Results – Friendly Tournaments,https://www.rsssf.org/intland-friend.html
PRC,President's Cup Challenge,friendly,friendly,3,"Audited invitational or friendly tournament without qualification, championship, promotion or relegation consequences.",RSSSF International Country Results – Friendly Tournaments,https://www.rsssf.org/intland-friend.html
PRS,President's Cup,friendly,friendly,148,"Audited invitational or friendly tournament without qualification, championship, promotion or relegation consequences.",RSSSF International Country Results – Friendly Tournaments,https://www.rsssf.org/intland-friend.html
PST,Peter Stuyvesant Trophy,friendly,friendly,9,"Audited invitational or friendly tournament without qualification, championship, promotion or relegation consequences.",RSSSF International Country Results – Friendly Tournaments,https://www.rsssf.org/intland-friend.html
RCD,RCD Pact Tournament,competitive,competitive,16,"Audited formal regional, federation or multi-sport competition with an official championship structure.",,
RMA,Ricardo Morales Aviles Cup,friendly,friendly,2,"Audited invitational or friendly tournament without qualification, championship, promotion or relegation consequences.",RSSSF International Country Results – Friendly Tournaments,https://www.rsssf.org/intland-friend.html
RVC,Revolution Cup,friendly,friendly,2,"Audited invitational or friendly tournament without qualification, championship, promotion or relegation consequences.",RSSSF International Country Results – Friendly Tournaments,https://www.rsssf.org/intland-friend.html
SAT,Saudi Arabia FF Tournament,friendly,friendly,3,"Audited invitational or friendly tournament without qualification, championship, promotion or relegation consequences.",RSSSF International Country Results – Friendly Tournaments,https://www.rsssf.org/intland-friend.html
SBA,Saba Saba Festival Tournament,friendly,friendly,6,"Audited invitational or friendly tournament without qualification, championship, promotion or relegation consequences.",RSSSF International Country Results – Friendly Tournaments,https://www.rsssf.org/intland-friend.html
SLV,Slavic Tournament,friendly,friendly,2,"Audited invitational or friendly tournament without qualification, championship, promotion or relegation consequences.",RSSSF International Country Results – Friendly Tournaments,https://www.rsssf.org/intland-friend.html
SMB,Simba Cup,friendly,friendly,18,"Audited invitational or friendly tournament without qualification, championship, promotion or relegation consequences.",RSSSF International Country Results – Friendly Tournaments,https://www.rsssf.org/intland-friend.html
TCC,Trans-Caucasian Championship,competitive,competitive,15,"Audited formal regional, federation or multi-sport competition with an official championship structure.",,
TRE,Triangulaire,competitive,competitive,48,"Audited formal regional, federation or multi-sport competition with an official championship structure.",,
TRP,Tropical Cup,friendly,friendly,15,"Audited invitational or friendly tournament without qualification, championship, promotion or relegation consequences.",RSSSF International Country Results – Friendly Tournaments,https://www.rsssf.org/intland-friend.html
UCT,US Consulate Tournament,friendly,friendly,15,"Audited invitational or friendly tournament without qualification, championship, promotion or relegation consequences.",RSSSF International Country Results – Friendly Tournaments,https://www.rsssf.org/intland-friend.html
VFF,Vietnam FF Cup,friendly,friendly,14,"Audited invitational or friendly tournament without qualification, championship, promotion or relegation consequences.",RSSSF International Country Results – Friendly Tournaments,https://www.rsssf.org/intland-friend.html
VIC,South Vietnam National Day Tournament,friendly,friendly,62,"Audited invitational or friendly tournament without qualification, championship, promotion or relegation consequences.",RSSSF International Country Results – Friendly Tournaments,https://www.rsssf.org/intland-friend.html
VWC,VIVA World Cup,competitive,competitive,3,"Audited formal regional, federation or multi-sport competition with an official championship structure.",,
WIT,Windward Islands Tournament,competitive,competitive,135,"Audited formal regional, federation or multi-sport competition with an official championship structure.",,
WUC,Western Union Championship,friendly,friendly,4,"Audited invitational or friendly tournament without qualification, championship, promotion or relegation consequences.",RSSSF International Country Results – Friendly Tournaments,https://www.rsssf.org/intland-friend.html
